,id,lonlat,tags.power,tags.structure,Type,Country
0,7865557364.0,"[-11.951257499999922, 9.290090099999942]",tower,,Node,sierra-leone
1,2088169751.0,"[-12.194506600000002, 8.829961200000001]",tower,,Node,sierra-leone
2,7657398891.0,"[-11.832497999999932, 9.04238480000004]",tower,,Node,sierra-leone
3,8668408891.0,"[-12.216134200000061, 8.766963999999982]",tower,,Node,sierra-leone
4,7657398883.0,"[-11.810715999999935, 9.03578090000004]",tower,,Node,sierra-leone
5,3564976695.0,"[-11.794889100000004, 9.012406000000015]",tower,,Node,sierra-leone
6,2179090531.0,"[-13.022603499999988, 8.329774000000008]",tower,,Node,sierra-leone
7,3166191364.0,"[-12.776609800000006, 8.517183099999999]",tower,,Node,sierra-leone
8,7865557365.0,"[-11.945666099999922, 9.301789399999942]",tower,,Node,sierra-leone
9,2250644882.0,"[-13.110261599999959, 8.945782500000018]",tower,,Node,sierra-leone
10,2633393668.0,"[-13.226296400000011, 8.447170400000067]",tower,,Node,sierra-leone
11,7865532145.0,"[-11.958678599999928, 9.177966899999939]",tower,,Node,sierra-leone
12,2179080527.0,"[-11.894062899999986, 8.973845700000004]",tower,,Node,sierra-leone
13,7865558827.0,"[-11.779865999999922, 9.39280819999994]",tower,,Node,sierra-leone
14,2088169788.0,"[-12.154540599999997, 8.852065300000003]",tower,,Node,sierra-leone
15,2179080523.0,"[-11.906823099999984, 8.969050300000005]",tower,,Node,sierra-leone
16,2178178101.0,"[-11.927476599999986, 8.959172000000004]",tower,,Node,sierra-leone
17,7865532153.0,"[-11.965485599999928, 9.203884099999941]",tower,,Node,sierra-leone
18,7865532149.0,"[-11.963064799999927, 9.19128129999994]",tower,,Node,sierra-leone
19,2633393672.0,"[-12.74620090000001, 8.557870600000067]",tower,,Node,sierra-leone
20,2179080541.0,"[-11.849185899999986, 8.9907046]",tower,,Node,sierra-leone
21,7865532142.0,"[-11.957773599999928, 9.16583549999994]",tower,,Node,sierra-leone
22,2359413204.0,"[-13.259446599999952, 8.468429400000023]",tower,,Node,sierra-leone
23,7657401096.0,"[-11.885062199999933, 9.06419290000004]",tower,,Node,sierra-leone
24,2179080517.0,"[-11.922634299999988, 8.962037200000003]",tower,,Node,sierra-leone
25,2178178098.0,"[-11.936485699999986, 8.955923300000004]",tower,,Node,sierra-leone
26,2179090491.0,"[-13.065080199999988, 8.323578900000008]",tower,,Node,sierra-leone
27,2178168445.0,"[-12.295098599999987, 8.818862900000001]",tower,,Node,sierra-leone
28,1872320761.0,"[-12.849858999999881, 8.448876499999976]",tower,,Node,sierra-leone
29,2179080521.0,"[-11.912489499999985, 8.966931500000005]",tower,,Node,sierra-leone
30,2178168427.0,"[-12.355829499999986, 8.809784100000003]",tower,,Node,sierra-leone
31,1872320897.0,"[-12.699693399999884, 8.614259599999976]",tower,,Node,sierra-leone
32,3046299983.0,"[-13.138247800000014, 8.375579600000028]",tower,,Node,sierra-leone
33,2088169795.0,"[-12.148529499999997, 8.855382000000002]",tower,,Node,sierra-leone
34,7865532172.0,"[-11.957439299999926, 9.271356599999942]",tower,,Node,sierra-leone
35,7865558817.0,"[-11.799830099999923, 9.365240999999942]",tower,,Node,sierra-leone
36,7865532136.0,"[-11.956032999999929, 9.14280069999994]",tower,,Node,sierra-leone
37,7657398879.0,"[-11.798233799999936, 9.035466600000039]",tower,,Node,sierra-leone
38,2359413203.0,"[-13.260666799999953, 8.468412300000022]",tower,,Node,sierra-leone
39,7865557372.0,"[-11.933036099999923, 9.310264899999943]",tower,,Node,sierra-leone
40,1983090520.0,"[-12.559839999999987, 8.68029580000001]",tower,,Node,sierra-leone
41,2179080506.0,"[-11.968512799999985, 8.944210700000003]",tower,,Node,sierra-leone
42,1983090497.0,"[-12.604998499999985, 8.657689300000014]",tower,,Node,sierra-leone
43,2088169857.0,"[-12.052189299999995, 8.883600300000001]",tower,,Node,sierra-leone
44,2179080524.0,"[-11.903511399999985, 8.970322400000004]",tower,,Node,sierra-leone
45,2088169741.0,"[-12.205690900000004, 8.828736700000002]",tower,,Node,sierra-leone
46,2178168426.0,"[-12.358160199999986, 8.808912300000003]",tower,,Node,sierra-leone
47,1872320672.0,"[-13.193973799999885, 8.426777099999978]",tower,,Node,sierra-leone
48,7865532151.0,"[-11.967549099999927, 9.19839359999994]",tower,,Node,sierra-leone
49,7657398897.0,"[-11.85576999999993, 9.05923090000004]",tower,,Node,sierra-leone
50,7865558791.0,"[-11.859687999999922, 9.303659299999943]",tower,,Node,sierra-leone
51,2178168420.0,"[-12.374750199999987, 8.802744400000003]",tower,,Node,sierra-leone
52,7865558806.0,"[-11.833522499999923, 9.340418299999943]",tower,,Node,sierra-leone
53,1872320673.0,"[-12.880392499999886, 8.427179399999977]",tower,,Node,sierra-leone
54,1872320824.0,"[-12.75421679999988, 8.547158999999974]",tower,,Node,sierra-leone
55,7865557374.0,"[-11.926562599999922, 9.313126299999944]",tower,,Node,sierra-leone
56,8668408893.0,"[-12.215207800000062, 8.76081449999998]",tower,,Node,sierra-leone
57,1872370629.0,"[-13.236818599999882, 8.454116299999978]",tower,,Node,sierra-leone
58,2479777787.0,"[-12.07118700000001, 8.886729400000126]",tower,,Node,sierra-leone
59,1873479444.0,"[-13.21965329999988, 8.442768199999975]",tower,,Node,sierra-leone
60,1873479448.0,"[-12.79708329999988, 8.489902999999973]",tower,,Node,sierra-leone
61,7865557376.0,"[-11.917068199999921, 9.314230899999943]",tower,,Node,sierra-leone
62,2179080528.0,"[-11.890614199999986, 8.975132500000004]",tower,,Node,sierra-leone
63,8668408874.0,"[-12.22328540000006, 8.816437299999983]",tower,,Node,sierra-leone
64,8668408912.0,"[-12.233098100000063, 8.715252999999981]",tower,,Node,sierra-leone
65,1872320896.0,"[-12.702979499999884, 8.612770599999976]",tower,,Node,sierra-leone
66,1872320654.0,"[-13.189310699999885, 8.422295399999978]",tower,,Node,sierra-leone
67,2178168393.0,"[-12.478172399999988, 8.751957700000004]",tower,,Node,sierra-leone
68,7657398882.0,"[-11.807672899999936, 9.035748600000039]",tower,,Node,sierra-leone
69,7865532137.0,"[-11.956303899999929, 9.14574269999994]",tower,,Node,sierra-leone
70,1872320628.0,"[-13.172114699999883, 8.401635199999978]",tower,,Node,sierra-leone
71,7865532134.0,"[-11.957018599999929, 9.136301899999939]",tower,,Node,sierra-leone
72,2179090496.0,"[-13.069755399999988, 8.324961200000008]",tower,,Node,sierra-leone
73,7865558809.0,"[-11.819458299999923, 9.347169799999943]",tower,,Node,sierra-leone
74,2178168401.0,"[-12.445154399999987, 8.769734600000005]",tower,,Node,sierra-leone
75,1873043942.0,"[-13.246330099999883, 8.460384199999979]",tower,,Node,sierra-leone
76,2178168403.0,"[-12.438787899999987, 8.773181000000005]",tower,,Node,sierra-leone
77,7657401094.0,"[-11.877023399999931, 9.063774400000039]",tower,,Node,sierra-leone
78,3564382706.0,"[-11.77402560000001, 9.03067140000002]",tower,,Node,sierra-leone
79,7657398874.0,"[-11.783197999999935, 9.035079900000039]",tower,,Node,sierra-leone
80,2178178113.0,"[-11.873952199999984, 8.981417900000004]",tower,,Node,sierra-leone
81,2179090487.0,"[-13.067310299999988, 8.323261800000008]",tower,,Node,sierra-leone
82,2178168435.0,"[-12.329132499999986, 8.815167]",tower,,Node,sierra-leone
83,2179080501.0,"[-11.986419299999985, 8.935758600000002]",tower,,Node,sierra-leone
84,7865532130.0,"[-11.967214799999928, 9.12416339999994]",tower,,Node,sierra-leone
85,3564382785.0,"[-11.75367740000001, 9.048319600000019]",tower,,Node,sierra-leone
86,1872320490.0,"[-13.114458399999883, 8.355731999999975]",tower,,Node,sierra-leone
87,3869423058.0,"[-12.816252500000164, 8.472685099999854]",tower,,Node,sierra-leone
88,7657398896.0,"[-11.85200829999993, 9.05651470000004]",tower,,Node,sierra-leone
89,1873479445.0,"[-13.22505349999988, 8.446317099999975]",tower,,Node,sierra-leone
90,7865558789.0,"[-11.865487199999922, 9.305012399999942]",tower,,Node,sierra-leone
91,2179090508.0,"[-13.072578099999987, 8.326904500000008]",tower,,Node,sierra-leone
92,1872320652.0,"[-12.891829499999885, 8.419870399999978]",tower,,Node,sierra-leone
93,2088169691.0,"[-12.258656000000002, 8.822906900000001]",tower,,Node,sierra-leone
94,6533607296.0,"[-12.835593400000034, 8.458971800000034]",tower,,Node,sierra-leone
95,2088169802.0,"[-12.142441099999996, 8.858743200000003]",tower,,Node,sierra-leone
96,2178168438.0,"[-12.317247199999986, 8.816429000000001]",tower,,Node,sierra-leone
97,2179080529.0,"[-11.887461199999986, 8.976323100000004]",tower,,Node,sierra-leone
98,7657398889.0,"[-11.827284999999932, 9.03859710000004]",tower,,Node,sierra-leone
99,7865532156.0,"[-11.964021599999928, 9.21610519999994]",tower,,Node,sierra-leone
100,1872370631.0,"[-13.242582099999883, 8.457859499999978]",tower,,Node,sierra-leone
101,2908543011.0,"[-11.830324999999892, 8.99771489999992]",tower,,Node,sierra-leone
102,2179080538.0,"[-11.855550999999986, 8.988309600000001]",tower,,Node,sierra-leone
103,3869420856.0,"[-12.831091400000165, 8.462165599999855]",tower,,Node,sierra-leone
104,2179090492.0,"[-13.061665399999988, 8.324071100000008]",tower,,Node,sierra-leone
105,7657398894.0,"[-11.845709999999931, 9.05193340000004]",tower,,Node,sierra-leone
106,2088169898.0,"[-12.083018299999994, 8.889719300000003]",tower,,Node,sierra-leone
107,7865557371.0,"[-11.949423999999922, 9.297026399999943]",tower,,Node,sierra-leone
108,1872320736.0,"[-12.858004499999883, 8.443074799999975]",tower,,Node,sierra-leone
109,2178168433.0,"[-12.336040699999986, 8.814384700000002]",tower,,Node,sierra-leone
110,8668408892.0,"[-12.215652800000061, 8.763605999999982]",tower,,Node,sierra-leone
111,2179080520.0,"[-11.915113799999986, 8.965929800000005]",tower,,Node,sierra-leone
112,2179080526.0,"[-11.896960699999985, 8.972747000000004]",tower,,Node,sierra-leone
113,1872320773.0,"[-12.84187169999988, 8.454487899999975]",tower,,Node,sierra-leone
114,1872370630.0,"[-13.239725399999882, 8.455996499999978]",tower,,Node,sierra-leone
115,2179090494.0,"[-13.055727999999988, 8.324945000000008]",tower,,Node,sierra-leone
116,2088169873.0,"[-12.064038699999994, 8.884969900000002]",tower,,Node,sierra-leone
117,7865558803.0,"[-11.836065399999923, 9.336925799999943]",tower,,Node,sierra-leone
118,1986134154.0,"[-12.795145699999999, 8.492481500000011]",tower,,Node,sierra-leone
119,7865532128.0,"[-11.963151299999927, 9.11990659999994]",tower,,Node,sierra-leone
120,8668408905.0,"[-12.232787000000064, 8.73648359999998]",tower,,Node,sierra-leone
121,2179090515.0,"[-13.032937199999987, 8.328297600000008]",tower,,Node,sierra-leone
122,1872320524.0,"[-13.15164199999988, 8.383841899999974]",tower,,Node,sierra-leone
123,1986155165.0,"[-12.483071399999996, 8.747685300000018]",tower,,Node,sierra-leone
124,2179080496.0,"[-12.006618199999984, 8.9214484]",tower,,Node,sierra-leone
125,2179080530.0,"[-11.884005299999986, 8.977620100000003]",tower,,Node,sierra-leone
126,2179090548.0,"[-12.991519099999989, 8.336144700000006]",tower,,Node,sierra-leone
127,2088169728.0,"[-12.224801900000003, 8.826614200000002]",tower,,Node,sierra-leone
128,1872320838.0,"[-12.73953809999988, 8.566794799999972]",tower,,Node,sierra-leone
129,8668408883.0,"[-12.219043400000059, 8.787076099999982]",tower,,Node,sierra-leone
130,1873460784.0,"[-13.25116389999988, 8.482068799999976]",tower,,Node,sierra-leone
131,2088169850.0,"[-12.049016199999995, 8.882724000000001]",tower,,Node,sierra-leone
132,7657398898.0,"[-11.85826429999993, 9.06106830000004]",tower,,Node,sierra-leone
133,1872320522.0,"[-13.14510489999988, 8.380165499999974]",tower,,Node,sierra-leone
134,6317109367.0,"[-13.24912819999999, 8.489332100000016]",tower,,Node,sierra-leone
135,7865557380.0,"[-11.899454899999922, 9.313294899999944]",tower,,Node,sierra-leone
136,2178168412.0,"[-12.401512599999986, 8.792743000000003]",tower,,Node,sierra-leone
137,2457528294.0,"[-12.038126500000013, 8.89912140000006]",tower,,Node,sierra-leone
138,1872320670.0,"[-12.883383899999885, 8.425039999999978]",tower,,Node,sierra-leone
139,2178178081.0,"[-12.001748199999989, 8.924864000000003]",tower,,Node,sierra-leone
140,1872320621.0,"[-13.169004599999884, 8.398200099999977]",tower,,Node,sierra-leone
141,7657398895.0,"[-11.848691599999931, 9.05405150000004]",tower,,Node,sierra-leone
142,7865532140.0,"[-11.957197299999928, 9.15810809999994]",tower,,Node,sierra-leone
143,1872320688.0,"[-13.207509099999884, 8.435041499999977]",tower,,Node,sierra-leone
144,2179090539.0,"[-13.01232739999999, 8.331291000000007]",tower,,Node,sierra-leone
145,1872320657.0,"[-12.886202299999885, 8.423323199999977]",tower,,Node,sierra-leone
146,2088169776.0,"[-12.166607999999998, 8.845368100000004]",tower,,Node,sierra-leone
147,2088169798.0,"[-12.145449799999996, 8.857100800000003]",tower,,Node,sierra-leone
148,2088169754.0,"[-12.188481200000002, 8.833285000000002]",tower,,Node,sierra-leone
149,3566595501.0,"[-11.736058500000007, 9.062924600000013]",tower,,Node,sierra-leone
150,8668408903.0,"[-12.229815100000064, 8.74070409999998]",tower,,Node,sierra-leone
151,7865557373.0,"[-11.929205999999922, 9.312837899999943]",tower,,Node,sierra-leone
152,7865557363.0,"[-11.952457799999923, 9.285516099999942]",tower,,Node,sierra-leone
153,1872320623.0,"[-12.923668999999883, 8.399704799999977]",tower,,Node,sierra-leone
154,3166189759.0,"[-12.792886300000006, 8.495454899999999]",tower,,Node,sierra-leone
155,3564976696.0,"[-11.790444400000004, 9.016260800000014]",tower,,Node,sierra-leone
156,7657398876.0,"[-11.789218799999935, 9.035257100000038]",tower,,Node,sierra-leone
157,1872320495.0,"[-13.126351599999882, 8.365425199999974]",tower,,Node,sierra-leone
158,2179090529.0,"[-13.026006899999988, 8.329281900000007]",tower,,Node,sierra-leone
159,1872320693.0,"[-12.866505599999885, 8.437063299999977]",tower,,Node,sierra-leone
160,7865558786.0,"[-11.876006599999922, 9.307576499999943]",tower,,Node,sierra-leone
161,7865532174.0,"[-11.964422199999925, 9.209693099999942]",tower,,Node,sierra-leone
162,1872320703.0,"[-13.211493299999885, 8.437473999999977]",tower,,Node,sierra-leone
163,2088169866.0,"[-12.054960799999995, 8.8838623]",tower,,Node,sierra-leone
164,7865532160.0,"[-11.961664199999928, 9.23048779999994]",tower,,Node,sierra-leone
165,7865532167.0,"[-11.963877499999926, 9.25745929999994]",tower,,Node,sierra-leone
166,3564382704.0,"[-11.779943600000012, 9.025438800000021]",tower,,Node,sierra-leone
167,8668408906.0,"[-12.233076700000064, 8.73377939999998]",tower,,Node,sierra-leone
168,2178168405.0,"[-12.423207899999987, 8.781562400000004]",tower,,Node,sierra-leone
169,2179080509.0,"[-11.958878799999985, 8.947735200000002]",tower,,Node,sierra-leone
170,2457528297.0,"[-12.031201100000013, 8.903972900000062]",tower,,Node,sierra-leone
171,3869420855.0,"[-12.986887600000165, 8.340485799999854]",tower,,Node,sierra-leone
172,6533607297.0,"[-12.832894800000034, 8.460899100000034]",tower,,Node,sierra-leone
173,3116037439.0,"[-13.250879799999998, 8.468494399999994]",tower,,Node,sierra-leone
174,7865532166.0,"[-11.963007199999925, 9.253329199999941]",tower,,Node,sierra-leone
175,7865557366.0,"[-11.942263099999922, 9.304127299999942]",tower,,Node,sierra-leone
176,1872356849.0,"[-13.129362099999883, 8.368000599999975]",tower,,Node,sierra-leone
177,2088169875.0,"[-12.092625399999994, 8.885472800000002]",tower,,Node,sierra-leone
178,2088169833.0,"[-12.106193899999996, 8.879349200000002]",tower,,Node,sierra-leone
179,7865558792.0,"[-11.857673999999921, 9.306454199999942]",tower,,Node,sierra-leone
180,2088169771.0,"[-12.1724258, 8.842165900000003]",tower,,Node,sierra-leone
181,1872320559.0,"[-12.93365329999988, 8.390332499999973]",tower,,Node,sierra-leone
182,2178178120.0,"[-11.839572399999986, 8.994301400000001]",tower,,Node,sierra-leone
183,1983090552.0,"[-12.530143499999987, 8.69620240000001]",tower,,Node,sierra-leone
184,7865558825.0,"[-11.780660099999922, 9.387032799999941]",tower,,Node,sierra-leone
185,1983090521.0,"[-12.556652799999988, 8.68240660000001]",tower,,Node,sierra-leone
186,7865558813.0,"[-11.806111599999923, 9.351916199999943]",tower,,Node,sierra-leone
187,2178178097.0,"[-11.943086699999986, 8.953486800000004]",tower,,Node,sierra-leone
188,2179080508.0,"[-11.961896099999985, 8.946626800000002]",tower,,Node,sierra-leone
189,1872320503.0,"[-12.953611599999881, 8.371668499999974]",tower,,Node,sierra-leone
190,2179090551.0,"[-12.98911089999999, 8.338432000000005]",tower,,Node,sierra-leone
191,2179080533.0,"[-11.871292899999986, 8.982406600000003]",tower,,Node,sierra-leone
192,1872320680.0,"[-13.202191099999885, 8.431799699999976]",tower,,Node,sierra-leone
193,2179080515.0,"[-11.929923799999987, 8.958309500000002]",tower,,Node,sierra-leone
194,2179090541.0,"[-13.00634669999999, 8.332165400000006]",tower,,Node,sierra-leone
195,7865532135.0,"[-11.955750499999928, 9.13837329999994]",tower,,Node,sierra-leone
196,7657398892.0,"[-11.836409799999931, 9.04519400000004]",tower,,Node,sierra-leone
197,2178168449.0,"[-12.276119599999987, 8.820957600000002]",tower,,Node,sierra-leone
198,1983090537.0,"[-12.542100099999987, 8.691348200000009]",tower,,Node,sierra-leone
199,1983090576.0,"[-12.518096599999987, 8.703208600000009]",tower,,Node,sierra-leone
200,2178168429.0,"[-12.349034499999986, 8.812290000000003]",tower,,Node,sierra-leone
201,2178168450.0,"[-12.272676399999987, 8.821350300000002]",tower,,Node,sierra-leone
202,2088169878.0,"[-12.068204299999994, 8.885991100000002]",tower,,Node,sierra-leone
203,2908543020.0,"[-11.77127159999989, 9.033090699999919]",tower,,Node,sierra-leone
204,7865558824.0,"[-11.783296799999922, 9.38435089999994]",tower,,Node,sierra-leone
205,1986155166.0,"[-12.481199499999997, 8.750219200000018]",tower,,Node,sierra-leone
206,8668408897.0,"[-12.218807300000064, 8.74834429999998]",tower,,Node,sierra-leone
207,7865558796.0,"[-11.849501299999922, 9.318001699999943]",tower,,Node,sierra-leone
208,1872320505.0,"[-12.95113309999988, 8.373967499999974]",tower,,Node,sierra-leone
209,7657398872.0,"[-11.777087399999935, 9.034886500000038]",tower,,Node,sierra-leone
210,2088169848.0,"[-12.100021699999996, 8.882143600000001]",tower,,Node,sierra-leone
211,2478971008.0,"[-12.044616500000004, 8.898095400000127]",tower,,Node,sierra-leone
212,6317106850.0,"[-12.94137549999999, 8.383100900000017]",tower,,Node,sierra-leone
213,7865558799.0,"[-11.845757399999922, 9.323248299999943]",tower,,Node,sierra-leone
214,8668408875.0,"[-12.22285160000006, 8.813195599999982]",tower,,Node,sierra-leone
215,3564382754.0,"[-11.76050640000001, 9.04236370000002]",tower,,Node,sierra-leone
216,3166191362.0,"[-12.780850100000007, 8.5115305]",tower,,Node,sierra-leone
217,2178178078.0,"[-12.019792699999988, 8.912188500000003]",tower,,Node,sierra-leone
218,1872320803.0,"[-12.77470299999988, 8.519684899999977]",tower,,Node,sierra-leone
219,2088169731.0,"[-12.219699800000003, 8.827206100000001]",tower,,Node,sierra-leone
220,2088169837.0,"[-12.102553699999996, 8.880972400000001]",tower,,Node,sierra-leone
221,3166191363.0,"[-12.778967900000007, 8.514095699999999]",tower,,Node,sierra-leone
222,2178168395.0,"[-12.472306299999989, 8.755099600000005]",tower,,Node,sierra-leone
223,3564382721.0,"[-11.767691900000012, 9.03609790000002]",tower,,Node,sierra-leone
224,2179090543.0,"[-13.08111299999999, 8.332800200000007]",tower,,Node,sierra-leone
225,2499162909.0,"[-13.135073800000027, 8.372839699999924]",tower,,Node,sierra-leone
226,7865558805.0,"[-11.831886299999923, 9.342671899999942]",tower,,Node,sierra-leone
227,2179080536.0,"[-11.861732599999986, 8.985944100000001]",tower,,Node,sierra-leone
228,2088169704.0,"[-12.247881700000002, 8.824090900000002]",tower,,Node,sierra-leone
229,2088169768.0,"[-12.1756408, 8.840396100000003]",tower,,Node,sierra-leone
230,1983090513.0,"[-12.569487499999987, 8.673939600000011]",tower,,Node,sierra-leone
231,2178168396.0,"[-12.46959119999999, 8.756569700000005]",tower,,Node,sierra-leone
232,2178168411.0,"[-12.404551999999986, 8.791606400000003]",tower,,Node,sierra-leone
233,1873043948.0,"[-13.249811699999883, 8.46300999999998]",tower,,Node,sierra-leone
234,7865532119.0,"[-11.938187099999926, 9.093291499999939]",tower,,Node,sierra-leone
235,1872320492.0,"[-12.961053299999882, 8.364683599999974]",tower,,Node,sierra-leone
236,2908543015.0,"[-11.799688299999891, 9.00924709999992]",tower,,Node,sierra-leone
237,8668408881.0,"[-12.21992110000006, 8.79364459999998]",tower,,Node,sierra-leone
238,7865532129.0,"[-11.965462599999928, 9.12235939999994]",tower,,Node,sierra-leone
239,2088169718.0,"[-12.229986700000003, 8.826058200000002]",tower,,Node,sierra-leone
240,3566595500.0,"[-11.738012700000008, 9.061984500000014]",tower,,Node,sierra-leone
241,7657398881.0,"[-11.804572799999937, 9.035651900000039]",tower,,Node,sierra-leone
242,7865558794.0,"[-11.85341229999992, 9.312332199999943]",tower,,Node,sierra-leone
243,7865558797.0,"[-11.910695599999922, 9.314945499999943]",tower,,Node,sierra-leone
244,7865532132.0,"[-11.962177199999928, 9.12938199999994]",tower,,Node,sierra-leone
245,8668408887.0,"[-12.218066600000059, 8.780402499999983]",tower,,Node,sierra-leone
246,1872320647.0,"[-12.896833599999884, 8.416824099999978]",tower,,Node,sierra-leone
247,2179080498.0,"[-11.995271699999986, 8.929465]",tower,,Node,sierra-leone
248,1983090495.0,"[-12.608106499999984, 8.656260400000013]",tower,,Node,sierra-leone
249,2178168418.0,"[-12.382135899999987, 8.800000100000004]",tower,,Node,sierra-leone
250,2179080565.0,"[-11.842788099999986, 8.993108400000004]",tower,,Node,sierra-leone
251,6317106847.0,"[-12.04934929999999, 8.887040600000015]",tower,,Node,sierra-leone
252,2178168448.0,"[-12.283326199999987, 8.820192200000001]",tower,,Node,sierra-leone
253,1873479446.0,"[-13.231274399999881, 8.450444599999974]",tower,,Node,sierra-leone
254,2088169821.0,"[-12.120219899999995, 8.873072700000002]",tower,,Node,sierra-leone
255,7657401099.0,"[-11.895110799999934, 9.066056000000039]",tower,,Node,sierra-leone
256,7657398893.0,"[-11.839362699999931, 9.04739110000004]",tower,,Node,sierra-leone
257,1983090480.0,"[-12.666851199999984, 8.629414300000011]",tower,,Node,sierra-leone
258,7865558821.0,"[-11.791543099999922, 9.37601899999994]",tower,,Node,sierra-leone
259,1873043951.0,"[-13.250371999999883, 8.46490779999998]",tower,,Node,sierra-leone
260,3147582529.0,"[-13.138270099999898, 8.375846100000068]",tower,,Node,sierra-leone
261,3564971068.0,"[-11.805232400000007, 9.007199400000019]",tower,,Node,sierra-leone
262,2178178124.0,"[-11.833315699999986, 8.996677100000001]",tower,,Node,sierra-leone
263,7865532122.0,"[-11.945448499999927, 9.101029299999938]",tower,,Node,sierra-leone
264,2178168397.0,"[-12.46739639999999, 8.757713700000005]",tower,,Node,sierra-leone
265,2178178079.0,"[-12.016940799999988, 8.914153800000003]",tower,,Node,sierra-leone
266,2179090555.0,"[-13.102357599999989, 8.347440100000005]",tower,,Node,sierra-leone
267,1986155161.0,"[-12.500061099999995, 8.723733200000018]",tower,,Node,sierra-leone
268,2179080510.0,"[-11.955880399999986, 8.948829000000002]",tower,,Node,sierra-leone
269,2178168423.0,"[-12.365821999999985, 8.806062200000003]",tower,,Node,sierra-leone
270,1872320501.0,"[-13.131585299999882, 8.369888399999974]",tower,,Node,sierra-leone
271,7865558826.0,"[-11.780196799999922, 9.39046289999994]",tower,,Node,sierra-leone
272,7865558807.0,"[-11.828412199999923, 9.343920099999943]",tower,,Node,sierra-leone
273,2179080537.0,"[-11.858547899999985, 8.987172300000001]",tower,,Node,sierra-leone
274,7657398878.0,"[-11.794937799999936, 9.03545860000004]",tower,,Node,sierra-leone
275,2088169886.0,"[-12.074231199999995, 8.887452500000002]",tower,,Node,sierra-leone
276,7865532147.0,"[-11.959208799999928, 9.18512489999994]",tower,,Node,sierra-leone
277,2178168430.0,"[-12.346599299999985, 8.813180700000002]",tower,,Node,sierra-leone
278,7865532138.0,"[-11.95652859999993, 9.148946499999939]",tower,,Node,sierra-leone
279,2179090498.0,"[-13.052295399999988, 8.325435000000008]",tower,,Node,sierra-leone
280,6533607292.0,"[-12.813020400000035, 8.474979400000034]",tower,,Node,sierra-leone
281,3116037437.0,"[-13.250899399999998, 8.468817899999994]",tower,,Node,sierra-leone
282,7865532131.0,"[-11.964713299999929, 9.12657069999994]",tower,,Node,sierra-leone
283,8656279847.0,"[-11.929082400000008, 9.083635499999971]",tower,,Node,sierra-leone
284,8668408890.0,"[-12.21670750000006, 8.770587699999982]",tower,,Node,sierra-leone
285,2299249538.0,"[-12.028446800000031, 8.905963500000006]",tower,,Node,sierra-leone
286,1983090481.0,"[-12.659228299999985, 8.632851000000011]",tower,,Node,sierra-leone
287,1872320774.0,"[-12.80278479999988, 8.482288399999975]",tower,,Node,sierra-leone
288,2478971009.0,"[-12.041044500000003, 8.899135600000127]",tower,,Node,sierra-leone
289,3564382781.0,"[-11.75575140000001, 9.04651320000002]",tower,,Node,sierra-leone
290,7865532158.0,"[-11.963525899999928, 9.22328519999994]",tower,,Node,sierra-leone
291,2178168442.0,"[-12.305317099999986, 8.817755200000002]",tower,,Node,sierra-leone
292,7865558820.0,"[-11.793752299999921, 9.373889599999941]",tower,,Node,sierra-leone
293,2178168421.0,"[-12.373017599999987, 8.803391000000003]",tower,,Node,sierra-leone
294,7865558795.0,"[-11.851407399999921, 9.315277799999944]",tower,,Node,sierra-leone
295,2179090501.0,"[-13.048746799999988, 8.325949200000007]",tower,,Node,sierra-leone
296,1986155157.0,"[-12.504232199999995, 8.717840500000017]",tower,,Node,sierra-leone
297,1872320718.0,"[-12.863491399999884, 8.439199499999976]",tower,,Node,sierra-leone
298,3139383153.0,"[-12.454713399999967, 8.764549799999983]",tower,,Node,sierra-leone
299,2178178122.0,"[-11.836949599999986, 8.995295100000002]",tower,,Node,sierra-leone
300,2178168406.0,"[-12.420365399999987, 8.783118300000003]",tower,,Node,sierra-leone
301,7865532159.0,"[-11.962672899999928, 9.22665889999994]",tower,,Node,sierra-leone
302,7865557378.0,"[-11.907650199999921, 9.315308899999945]",tower,,Node,sierra-leone
303,7865532161.0,"[-11.960851499999928, 9.23359409999994]",tower,,Node,sierra-leone
304,8656279846.0,"[-11.924774100000008, 9.079079399999971]",tower,,Node,sierra-leone
305,3182411838.0,"[-12.90994940000001, 8.408803000000008]",tower,,Node,sierra-leone
306,1986155164.0,"[-12.491718799999996, 8.735417800000018]",tower,,Node,sierra-leone
307,2178168422.0,"[-12.369226499999986, 8.804798100000003]",tower,,Node,sierra-leone
308,2179080514.0,"[-11.933419499999987, 8.957038700000002]",tower,,Node,sierra-leone
309,7865532127.0,"[-11.959586399999926, 9.116085099999939]",tower,,Node,sierra-leone
310,7865557384.0,"[-11.883325199999923, 9.309377699999944]",tower,,Node,sierra-leone
311,2178168414.0,"[-12.395505899999986, 8.795018000000002]",tower,,Node,sierra-leone
312,7657398869.0,"[-11.765846199999936, 9.033630800000038]",tower,,Node,sierra-leone
313,2088169780.0,"[-12.163734499999999, 8.846997900000003]",tower,,Node,sierra-leone
314,2179090503.0,"[-13.046043499999987, 8.326375100000007]",tower,,Node,sierra-leone
315,2178168409.0,"[-12.410446999999987, 8.788468700000003]",tower,,Node,sierra-leone
316,2179080525.0,"[-11.900596099999985, 8.971394500000004]",tower,,Node,sierra-leone
317,1872320898.0,"[-12.686853199999884, 8.620200599999976]",tower,,Node,sierra-leone
318,2179090546.0,"[-12.993813899999989, 8.334020000000006]",tower,,Node,sierra-leone
319,2088169773.0,"[-12.1695459, 8.843776600000004]",tower,,Node,sierra-leone
320,2179080504.0,"[-11.974925699999986, 8.941873500000003]",tower,,Node,sierra-leone
321,7657398886.0,"[-11.820873099999934, 9.03605480000004]",tower,,Node,sierra-leone
322,2179090553.0,"[-13.09521379999999, 8.342559500000005]",tower,,Node,sierra-leone
323,2088169717.0,"[-12.233763400000003, 8.825653000000003]",tower,,Node,sierra-leone
324,6317106849.0,"[-12.050183399999991, 8.889615100000016]",tower,,Node,sierra-leone
325,8668408877.0,"[-12.22187470000006, 8.806543499999982]",tower,,Node,sierra-leone
326,2179090537.0,"[-13.01580069999999, 8.330778500000008]",tower,,Node,sierra-leone
327,2359413205.0,"[-13.257671099999952, 8.468733200000022]",tower,,Node,sierra-leone
328,7865532141.0,"[-11.957508499999928, 9.16231319999994]",tower,,Node,sierra-leone
329,1872320643.0,"[-13.179808999999883, 8.410628699999979]",tower,,Node,sierra-leone
330,2178168447.0,"[-12.286990599999987, 8.8197735]",tower,,Node,sierra-leone
331,1872356843.0,"[-13.118119599999883, 8.358406899999975]",tower,,Node,sierra-leone
332,1872356845.0,"[-13.124024399999882, 8.363456999999975]",tower,,Node,sierra-leone
333,2359413206.0,"[-13.255056399999951, 8.469200700000021]",tower,,Node,sierra-leone
334,1872320715.0,"[-13.213613999999884, 8.438818999999976]",tower,,Node,sierra-leone
335,2088169726.0,"[-12.226538000000003, 8.826440800000002]",tower,,Node,sierra-leone
336,2479777781.0,"[-12.057144700000011, 8.884051700000127]",tower,,Node,sierra-leone
337,7865558833.0,"[-11.766931499999924, 9.400411499999942]",tower,,Node,sierra-leone
338,8668408901.0,"[-12.223903500000064, 8.743948999999981]",tower,,Node,sierra-leone
339,3128226223.0,"[-13.250723799999985, 8.48311270000004]",tower,,Node,sierra-leone
340,3138737070.0,"[-12.930400400000075, 8.393386499999956]",tower,,Node,sierra-leone
341,7865558785.0,"[-11.879971599999923, 9.308565799999943]",tower,,Node,sierra-leone
342,7657398884.0,"[-11.814117999999935, 9.03586950000004]",tower,,Node,sierra-leone
343,7865558822.0,"[-11.789552799999923, 9.378098299999941]",tower,,Node,sierra-leone
344,3182411762.0,"[-12.912890700000004, 8.40700330000001]",tower,,Node,sierra-leone
345,7865558798.0,"[-11.846968799999923, 9.321590699999943]",tower,,Node,sierra-leone
346,7865557370.0,"[-11.950108099999923, 9.294230299999944]",tower,,Node,sierra-leone
347,2178168419.0,"[-12.378609499999987, 8.801291700000004]",tower,,Node,sierra-leone
348,2088169712.0,"[-12.240947800000002, 8.824869700000002]",tower,,Node,sierra-leone
349,2088169783.0,"[-12.160635499999998, 8.848691300000004]",tower,,Node,sierra-leone
350,2178168432.0,"[-12.339796299999986, 8.813981400000001]",tower,,Node,sierra-leone
351,2633393670.0,"[-12.75015960000001, 8.552555700000067]",tower,,Node,sierra-leone
352,8668408882.0,"[-12.21962380000006, 8.790881499999982]",tower,,Node,sierra-leone
353,1983090474.0,"[-12.676033899999984, 8.62516920000001]",tower,,Node,sierra-leone
354,1872320491.0,"[-13.120143399999883, 8.360186999999975]",tower,,Node,sierra-leone
355,2179080532.0,"[-11.877861099999986, 8.979939300000003]",tower,,Node,sierra-leone
356,2908543013.0,"[-11.814427699999891, 9.00381579999992]",tower,,Node,sierra-leone
357,8668408904.0,"[-12.232513400000064, 8.739224799999981]",tower,,Node,sierra-leone
358,2179080518.0,"[-11.919646399999987, 8.963778500000004]",tower,,Node,sierra-leone
359,1983090484.0,"[-12.644115499999984, 8.639802300000012]",tower,,Node,sierra-leone
360,7657401102.0,"[-11.910691299999934, 9.071969500000039]",tower,,Node,sierra-leone
361,7865558814.0,"[-11.804167099999923, 9.356039799999943]",tower,,Node,sierra-leone
362,7865558836.0,"[-11.760818099999923, 9.397192399999941]",tower,,Node,sierra-leone
363,1872320512.0,"[-13.143042499999881, 8.378964399999974]",tower,,Node,sierra-leone
364,7865557362.0,"[-11.953316399999924, 9.282366099999942]",tower,,Node,sierra-leone
365,1986155163.0,"[-12.495992099999995, 8.729454700000018]",tower,,Node,sierra-leone
366,1872320674.0,"[-13.197623699999886, 8.428995899999977]",tower,,Node,sierra-leone
367,7865558801.0,"[-11.840819799999922, 9.330149899999942]",tower,,Node,sierra-leone
368,1872320841.0,"[-12.73161379999988, 8.577320799999972]",tower,,Node,sierra-leone
369,2908543017.0,"[-11.79319879999989, 9.01383589999992]",tower,,Node,sierra-leone
370,7865557382.0,"[-11.891461999999922, 9.311347399999944]",tower,,Node,sierra-leone
371,2088169696.0,"[-12.255120700000003, 8.823289500000001]",tower,,Node,sierra-leone
372,2178168413.0,"[-12.398335299999985, 8.793997300000003]",tower,,Node,sierra-leone
373,7865558790.0,"[-11.863234899999922, 9.304462299999942]",tower,,Node,sierra-leone
374,1983090541.0,"[-12.539044199999987, 8.692815600000008]",tower,,Node,sierra-leone
375,1983090486.0,"[-12.637701399999983, 8.642714400000012]",tower,,Node,sierra-leone
376,1872320893.0,"[-12.713728099999885, 8.601202999999975]",tower,,Node,sierra-leone
377,7865532118.0,"[-11.935396199999925, 9.090317499999939]",tower,,Node,sierra-leone
378,3869423057.0,"[-12.827278900000165, 8.464875199999854]",tower,,Node,sierra-leone
379,1872320871.0,"[-12.725773999999884, 8.585143299999974]",tower,,Node,sierra-leone
380,7865532163.0,"[-11.960384699999928, 9.24094439999994]",tower,,Node,sierra-leone
381,7657398877.0,"[-11.791649999999935, 9.035249100000039]",tower,,Node,sierra-leone
382,2499162910.0,"[-13.155184600000027, 8.385895399999924]",tower,,Node,sierra-leone
383,7865557369.0,"[-11.948682899999923, 9.299862699999943]",tower,,Node,sierra-leone
384,1983090527.0,"[-12.551082799999987, 8.68608100000001]",tower,,Node,sierra-leone
385,2178168407.0,"[-12.416836199999988, 8.785037200000003]",tower,,Node,sierra-leone
386,7865532124.0,"[-11.951182699999926, 9.107195599999939]",tower,,Node,sierra-leone
387,1872320626.0,"[-12.921472499999883, 8.401786099999978]",tower,,Node,sierra-leone
388,2179080503.0,"[-11.980830099999986, 8.939704500000003]",tower,,Node,sierra-leone
389,2479777796.0,"[-12.04907640000001, 8.892998800000125]",tower,,Node,sierra-leone
390,3564382739.0,"[-11.76289250000001, 9.040303200000022]",tower,,Node,sierra-leone
391,7865558819.0,"[-11.797422399999922, 9.370097699999942]",tower,,Node,sierra-leone
392,7865532152.0,"[-11.966672999999927, 9.20055559999994]",tower,,Node,sierra-leone
393,2088169699.0,"[-12.251457900000002, 8.8236947]",tower,,Node,sierra-leone
394,7865558808.0,"[-11.824029399999922, 9.345497199999944]",tower,,Node,sierra-leone
395,1872320489.0,"[-13.106718299999883, 8.350463399999974]",tower,,Node,sierra-leone
396,1873043967.0,"[-13.250802399999882, 8.46724259999998]",tower,,Node,sierra-leone
397,2359413207.0,"[-13.25244019999995, 8.470795300000022]",tower,,Node,sierra-leone
398,2178168424.0,"[-12.362662399999985, 8.807244100000004]",tower,,Node,sierra-leone
399,7865558804.0,"[-11.834329599999922, 9.339306599999942]",tower,,Node,sierra-leone
400,2088169746.0,"[-12.201727400000003, 8.829173400000002]",tower,,Node,sierra-leone
401,1983090549.0,"[-12.533350499999987, 8.69487140000001]",tower,,Node,sierra-leone
402,7865558829.0,"[-11.778308299999923, 9.399713399999941]",tower,,Node,sierra-leone
403,7865558831.0,"[-11.775620699999923, 9.401059299999941]",tower,,Node,sierra-leone
404,7865558812.0,"[-11.810255099999923, 9.350459599999944]",tower,,Node,sierra-leone
405,1983090491.0,"[-12.621354199999983, 8.650220500000012]",tower,,Node,sierra-leone
406,1983090493.0,"[-12.614711999999983, 8.653236200000013]",tower,,Node,sierra-leone
407,1872320812.0,"[-12.76788609999988, 8.528826399999977]",tower,,Node,sierra-leone
408,1983090479.0,"[-12.669564099999985, 8.62812920000001]",tower,,Node,sierra-leone
409,1983090534.0,"[-12.545376199999987, 8.68981720000001]",tower,,Node,sierra-leone
410,7865532148.0,"[-11.960955299999927, 9.187895899999939]",tower,,Node,sierra-leone
411,2154126041.0,"[-13.249137900000019, 8.486873799999971]",tower,,Node,sierra-leone
412,2908543018.0,"[-11.78786609999989, 9.01846699999992]",tower,,Node,sierra-leone
413,1983090531.0,"[-12.548391199999987, 8.68786580000001]",tower,,Node,sierra-leone
414,8668408895.0,"[-12.214279700000063, 8.754346199999981]",tower,,Node,sierra-leone
415,2178168394.0,"[-12.475311999999988, 8.753488900000004]",tower,,Node,sierra-leone
416,8668408909.0,"[-12.234063700000064, 8.72443679999998]",tower,,Node,sierra-leone
417,7657398885.0,"[-11.817715799999934, 9.035990300000039]",tower,,Node,sierra-leone
418,1872320892.0,"[-12.720202099999886, 8.592631799999975]",tower,,Node,sierra-leone
419,2088169689.0,"[-12.262346100000002, 8.822483700000001]",tower,,Node,sierra-leone
420,2088169749.0,"[-12.198356200000003, 8.829538000000001]",tower,,Node,sierra-leone
421,3564971042.0,"[-11.823692500000007, 9.000203900000018]",tower,,Node,sierra-leone
422,7865532154.0,"[-11.964621099999928, 9.206131499999941]",tower,,Node,sierra-leone
423,8668408880.0,"[-12.22040240000006, 8.796484599999982]",tower,,Node,sierra-leone
424,2088169739.0,"[-12.208916400000003, 8.828385600000002]",tower,,Node,sierra-leone
425,7657401095.0,"[-11.881288899999932, 9.063990400000039]",tower,,Node,sierra-leone
426,7865532155.0,"[-11.964223399999927, 9.213254799999941]",tower,,Node,sierra-leone
427,7865558818.0,"[-11.798399799999922, 9.368209299999942]",tower,,Node,sierra-leone
428,2178168400.0,"[-12.450953199999988, 8.766596800000006]",tower,,Node,sierra-leone
429,1873043970.0,"[-13.249306999999883, 8.48721939999998]",tower,,Node,sierra-leone
430,7657398887.0,"[-11.823834599999934, 9.03612730000004]",tower,,Node,sierra-leone
431,8668408888.0,"[-12.21766310000006, 8.777289499999982]",tower,,Node,sierra-leone
432,7865558811.0,"[-11.812372599999923, 9.349726299999944]",tower,,Node,sierra-leone
433,7865558828.0,"[-11.779514699999922, 9.39530409999994]",tower,,Node,sierra-leone
434,1872320671.0,"[-13.192718799999884, 8.425998399999978]",tower,,Node,sierra-leone
435,1873479449.0,"[-12.78923369999988, 8.500348799999973]",tower,,Node,sierra-leone
436,3124718320.0,"[-12.17382400000001, 8.841396199999995]",tower,,Node,sierra-leone
437,2088169861.0,"[-12.096323599999995, 8.8837796]",tower,,Node,sierra-leone
438,2088169685.0,"[-12.265717400000002, 8.8221281]",tower,,Node,sierra-leone
439,7865557375.0,"[-11.921661699999921, 9.313704199999943]",tower,,Node,sierra-leone
440,2179090556.0,"[-13.107582899999988, 8.351046000000006]",tower,,Node,sierra-leone
441,3166191361.0,"[-12.785076200000008, 8.505958399999999]",tower,,Node,sierra-leone
442,2088169805.0,"[-12.139258299999996, 8.860506600000003]",tower,,Node,sierra-leone
443,7657401100.0,"[-11.899116499999934, 9.067541100000039]",tower,,Node,sierra-leone
444,2178168436.0,"[-12.326143799999986, 8.815472600000001]",tower,,Node,sierra-leone
445,2088169736.0,"[-12.212506300000003, 8.827980400000003]",tower,,Node,sierra-leone
446,2088169715.0,"[-12.237193900000003, 8.825265800000002]",tower,,Node,sierra-leone
447,8668408873.0,"[-12.22378050000006, 8.819626199999982]",tower,,Node,sierra-leone
448,7657398871.0,"[-11.773938299999935, 9.034838200000038]",tower,,Node,sierra-leone
449,8668408911.0,"[-12.234734300000063, 8.71792019999998]",tower,,Node,sierra-leone
450,8668408910.0,"[-12.234428500000064, 8.72119179999998]",tower,,Node,sierra-leone
451,2178168408.0,"[-12.413363899999988, 8.786891300000002]",tower,,Node,sierra-leone
452,2179090538.0,"[-13.07832249999999, 8.330868300000008]",tower,,Node,sierra-leone
453,2179080522.0,"[-11.909581399999984, 8.968017600000005]",tower,,Node,sierra-leone
454,3564382773.0,"[-11.757740300000009, 9.044797000000019]",tower,,Node,sierra-leone
455,2178168441.0,"[-12.308868599999986, 8.817332000000002]",tower,,Node,sierra-leone
456,7657401103.0,"[-11.914385999999935, 9.073317800000039]",tower,,Node,sierra-leone
457,7865532162.0,"[-11.959756399999927, 9.23783819999994]",tower,,Node,sierra-leone
458,1983090511.0,"[-12.572689299999986, 8.672495700000011]",tower,,Node,sierra-leone
459,2088169761.0,"[-12.1826827, 8.836506300000002]",tower,,Node,sierra-leone
460,2088169707.0,"[-12.244237100000003, 8.824514000000002]",tower,,Node,sierra-leone
461,2179080499.0,"[-11.992121999999986, 8.931704700000001]",tower,,Node,sierra-leone
462,1872356853.0,"[-13.139210699999882, 8.376369199999976]",tower,,Node,sierra-leone
463,2179090518.0,"[-13.029529599999988, 8.328777500000008]",tower,,Node,sierra-leone
464,2179090542.0,"[-13.002651399999989, 8.332714500000007]",tower,,Node,sierra-leone
465,2179080511.0,"[-11.952806299999986, 8.949954000000002]",tower,,Node,sierra-leone
466,7668074685.0,"[-11.770426299999947, 9.034696800000049]",tower,,Node,sierra-leone
467,3127915768.0,"[-12.926270900000034, 8.397263200000017]",tower,,Node,sierra-leone
468,1983090519.0,"[-12.562690599999987, 8.67841720000001]",tower,,Node,sierra-leone
469,1872320685.0,"[-13.205661599999884, 8.433998899999978]",tower,,Node,sierra-leone
470,7657401093.0,"[-11.87245709999993, 9.063423400000039]",tower,,Node,sierra-leone
471,2179080513.0,"[-11.939923199999987, 8.954656300000002]",tower,,Node,sierra-leone
472,7657401101.0,"[-11.907674799999935, 9.070781200000038]",tower,,Node,sierra-leone
473,7865532121.0,"[-11.942096599999926, 9.097473799999939]",tower,,Node,sierra-leone
474,1872320523.0,"[-13.14900609999988, 8.382351299999973]",tower,,Node,sierra-leone
475,2179090506.0,"[-13.042561199999987, 8.326881500000008]",tower,,Node,sierra-leone
476,7865557379.0,"[-11.903559299999921, 9.314292999999944]",tower,,Node,sierra-leone
477,1872320753.0,"[-12.85244909999988, 8.447059899999976]",tower,,Node,sierra-leone
478,7657398875.0,"[-11.786371599999935, 9.035152400000038]",tower,,Node,sierra-leone
479,7865532123.0,"[-11.948022099999926, 9.103750499999938]",tower,,Node,sierra-leone
480,1872320766.0,"[-13.234071599999881, 8.452286599999978]",tower,,Node,sierra-leone
481,2179090550.0,"[-13.08908829999999, 8.338381800000004]",tower,,Node,sierra-leone
482,2178168437.0,"[-12.322510299999987, 8.815865200000001]",tower,,Node,sierra-leone
483,1986155154.0,"[-12.508077699999996, 8.712490700000018]",tower,,Node,sierra-leone
484,3564971046.0,"[-11.819808600000007, 9.001694500000017]",tower,,Node,sierra-leone
485,3040243262.0,"[-13.1664455, 8.395385599999994]",tower,,Node,sierra-leone
486,2178178080.0,"[-12.009649099999988, 8.919273600000002]",tower,,Node,sierra-leone
487,7865558830.0,"[-11.777951999999923, 9.401144699999941]",tower,,Node,sierra-leone
488,8668408907.0,"[-12.233420000000065, 8.73067759999998]",tower,,Node,sierra-leone
489,7865558802.0,"[-11.838198299999922, 9.333841699999942]",tower,,Node,sierra-leone
490,1873043946.0,"[-13.248580699999883, 8.462072999999979]",tower,,Node,sierra-leone
491,2179090544.0,"[-12.999589099999989, 8.333186300000007]",tower,,Node,sierra-leone
492,1872320641.0,"[-12.916063799999883, 8.405061599999978]",tower,,Node,sierra-leone
493,2299497857.0,"[-11.734974200000037, 9.051982400000016]",tower,,Node,sierra-leone
494,1872320723.0,"[-13.214649599999884, 8.439479799999976]",tower,,Node,sierra-leone
495,2088169758.0,"[-12.185362900000001, 8.835003900000002]",tower,,Node,sierra-leone
496,2178168439.0,"[-12.315269699999986, 8.816667400000002]",tower,,Node,sierra-leone
497,7865558835.0,"[-11.762314599999923, 9.398407699999941]",tower,,Node,sierra-leone
498,2178168410.0,"[-12.407079699999986, 8.790283900000002]",tower,,Node,sierra-leone
499,1983090504.0,"[-12.588906499999984, 8.665078300000012]",tower,,Node,sierra-leone
500,8668408876.0,"[-12.22234900000006, 8.809852099999983]",tower,,Node,sierra-leone
501,3166189760.0,"[-12.790998000000007, 8.497992299999998]",tower,,Node,sierra-leone
502,7865532169.0,"[-11.962995699999926, 9.262038699999941]",tower,,Node,sierra-leone
503,3566595499.0,"[-11.740133900000007, 9.060065700000013]",tower,,Node,sierra-leone
504,2178168417.0,"[-12.385669299999988, 8.798694200000003]",tower,,Node,sierra-leone
505,7865532164.0,"[-11.961318399999927, 9.24518269999994]",tower,,Node,sierra-leone
506,1872320642.0,"[-13.177878199999883, 8.408547999999978]",tower,,Node,sierra-leone
507,2178168398.0,"[-12.460193699999989, 8.761624700000006]",tower,,Node,sierra-leone
508,8668408871.0,"[-12.22465280000006, 8.825709299999982]",tower,,Node,sierra-leone
509,3564382703.0,"[-11.785249900000013, 9.020802800000022]",tower,,Node,sierra-leone
510,1983090500.0,"[-12.602404999999985, 8.658881600000013]",tower,,Node,sierra-leone
511,1872320510.0,"[-13.140806199999881, 8.377721499999975]",tower,,Node,sierra-leone
512,3566595503.0,"[-11.728123100000007, 9.066828300000012]",tower,,Node,sierra-leone
513,7483251853.0,"[-12.53087010000005, 8.686974400000008]",tower,lattice,Node,sierra-leone
514,7865532146.0,"[-11.958989799999928, 9.18186449999994]",tower,,Node,sierra-leone
515,1874111896.0,"[-12.680237699999878, 8.623227799999992]",tower,,Node,sierra-leone
516,2088169733.0,"[-12.216128100000002, 8.827557300000002]",tower,,Node,sierra-leone
517,1872320894.0,"[-12.708084199999885, 8.608704099999976]",tower,,Node,sierra-leone
518,1873043968.0,"[-13.250968599999883, 8.469941699999978]",tower,,Node,sierra-leone
519,1873043971.0,"[-13.248954899999882, 8.488656099999979]",tower,,Node,sierra-leone
520,7865558788.0,"[-11.869308299999922, 9.305974999999941]",tower,,Node,sierra-leone
521,2178168431.0,"[-12.343129799999986, 8.813578000000001]",tower,,Node,sierra-leone
522,7865532139.0,"[-11.956851399999929, 9.153271199999939]",tower,,Node,sierra-leone
523,1872320645.0,"[-12.905579399999883, 8.411476999999978]",tower,,Node,sierra-leone
524,7865558832.0,"[-11.771242999999924, 9.400697699999942]",tower,,Node,sierra-leone
525,7657401092.0,"[-11.868109599999931, 9.06313980000004]",tower,,Node,sierra-leone
526,2179080535.0,"[-11.864697099999985, 8.984874500000002]",tower,,Node,sierra-leone
527,7865532144.0,"[-11.958419199999929, 9.17432519999994]",tower,,Node,sierra-leone
528,7865532143.0,"[-11.958102199999928, 9.17030799999994]",tower,,Node,sierra-leone
529,1872320683.0,"[-12.872214299999884, 8.432981299999977]",tower,,Node,sierra-leone
530,1983090566.0,"[-12.527205099999987, 8.697484200000009]",tower,,Node,sierra-leone
531,2457528296.0,"[-12.033749500000013, 8.902172800000061]",tower,,Node,sierra-leone
532,7657398888.0,"[-11.826332599999933, 9.03784970000004]",tower,,Node,sierra-leone
533,7865532168.0,"[-11.964315599999926, 9.25972909999994]",tower,,Node,sierra-leone
534,2179090549.0,"[-13.086587899999989, 8.336627700000005]",tower,,Node,sierra-leone
535,6533607293.0,"[-12.810629700000035, 8.476673500000034]",tower,,Node,sierra-leone
536,1872320531.0,"[-13.15749309999988, 8.387415799999975]",tower,,Node,sierra-leone
537,7865557368.0,"[-11.936562799999923, 9.307898199999944]",tower,,Node,sierra-leone
538,8668408889.0,"[-12.21709680000006, 8.773931599999983]",tower,,Node,sierra-leone
539,1873479450.0,"[-12.783078299999879, 8.508658699999973]",tower,,Node,sierra-leone
540,3060927470.0,"[-12.125912599999959, 8.868929300000074]",tower,,Node,sierra-leone
541,1872320881.0,"[-12.723087399999887, 8.588779199999975]",tower,,Node,sierra-leone
542,1983090507.0,"[-12.579092899999985, 8.669549500000011]",tower,,Node,sierra-leone
543,2179080534.0,"[-11.868178399999985, 8.983573100000003]",tower,,Node,sierra-leone
544,2908543016.0,"[-11.797478599999891, 9.01009029999992]",tower,,Node,sierra-leone
545,1983090509.0,"[-12.576138099999985, 8.67088530000001]",tower,,Node,sierra-leone
546,2088169829.0,"[-12.111483399999996, 8.877032100000001]",tower,,Node,sierra-leone
547,8668408872.0,"[-12.22428480000006, 8.823205299999982]",tower,,Node,sierra-leone
548,3564382705.0,"[-11.776609600000011, 9.02832080000002]",tower,,Node,sierra-leone
549,1983090485.0,"[-12.641060899999983, 8.641188900000012]",tower,,Node,sierra-leone
550,2178168425.0,"[-12.360016599999986, 8.808257500000003]",tower,,Node,sierra-leone
551,2178168399.0,"[-12.457272299999989, 8.763156800000006]",tower,,Node,sierra-leone
552,1873460782.0,"[-13.25223029999988, 8.477739599999977]",tower,,Node,sierra-leone
553,7865532133.0,"[-11.959963899999929, 9.131880199999939]",tower,,Node,sierra-leone
554,1872320822.0,"[-12.75841539999988, 8.541538999999974]",tower,,Node,sierra-leone
555,7865558834.0,"[-11.764533999999923, 9.400225699999941]",tower,,Node,sierra-leone
556,1872320499.0,"[-12.955939099999883, 8.369493599999974]",tower,,Node,sierra-leone
557,1983090569.0,"[-12.524021199999988, 8.69948360000001]",tower,,Node,sierra-leone
558,1872320542.0,"[-13.16014629999988, 8.389271999999973]",tower,,Node,sierra-leone
559,2499162914.0,"[-13.256885900000027, 8.469077399999925]",tower,,Node,sierra-leone
560,3869423059.0,"[-12.772803200000164, 8.522240299999854]",tower,,Node,sierra-leone
561,2088169807.0,"[-12.136081999999996, 8.862257200000002]",tower,,Node,sierra-leone
562,1986134156.0,"[-12.7102888, 8.605774800000011]",tower,,Node,sierra-leone
563,3027743836.0,"[-13.18382079999998, 8.415803599999979]",tower,,Node,sierra-leone
564,7865532170.0,"[-11.961416399999926, 9.264700999999942]",tower,,Node,sierra-leone
565,2088169785.0,"[-12.157684699999997, 8.850301900000003]",tower,,Node,sierra-leone
566,7657398873.0,"[-11.780138599999935, 9.034999300000038]",tower,,Node,sierra-leone
567,2179090552.0,"[-13.09418159999999, 8.341852300000005]",tower,,Node,sierra-leone
568,8668408900.0,"[-12.220856500000064, 8.74562969999998]",tower,,Node,sierra-leone
569,2178168404.0,"[-12.429276199999988, 8.778289600000004]",tower,,Node,sierra-leone
570,1983090482.0,"[-12.656458499999985, 8.634116600000011]",tower,,Node,sierra-leone
571,2088169793.0,"[-12.151557599999997, 8.853726800000002]",tower,,Node,sierra-leone
572,2178168428.0,"[-12.352564099999986, 8.810986600000003]",tower,,Node,sierra-leone
573,1983090488.0,"[-12.631318299999982, 8.645635700000012]",tower,,Node,sierra-leone
574,3127876719.0,"[-12.945378999999994, 8.379351700000008]",tower,,Node,sierra-leone
575,1872320763.0,"[-12.846958999999881, 8.450941599999977]",tower,,Node,sierra-leone
576,7657401098.0,"[-11.891214399999933, 9.064584400000038]",tower,,Node,sierra-leone
577,2179090510.0,"[-13.039554399999988, 8.327281600000008]",tower,,Node,sierra-leone
578,7865557381.0,"[-11.895764199999922, 9.312398799999944]",tower,,Node,sierra-leone
579,1872320640.0,"[-12.919273799999882, 8.403125299999978]",tower,,Node,sierra-leone
580,2179080539.0,"[-11.852499199999986, 8.9894513]",tower,,Node,sierra-leone
581,2179090545.0,"[-12.99665419999999, 8.333637700000006]",tower,,Node,sierra-leone
582,8668408884.0,"[-12.218540800000058, 8.783746299999983]",tower,,Node,sierra-leone
583,7865532173.0,"[-11.955300999999926, 9.274934699999942]",tower,,Node,sierra-leone
584,7865532171.0,"[-11.959012899999927, 9.268756999999942]",tower,,Node,sierra-leone
585,6533607294.0,"[-12.807995100000035, 8.478540400000034]",tower,,Node,sierra-leone
586,1872320758.0,"[-13.228032699999881, 8.448324799999977]",tower,,Node,sierra-leone
587,3564382728.0,"[-11.765393600000012, 9.03809860000002]",tower,,Node,sierra-leone
588,2178168444.0,"[-12.298518699999986, 8.818503900000001]",tower,,Node,sierra-leone
589,2178168402.0,"[-12.441800199999987, 8.771562800000005]",tower,,Node,sierra-leone
590,1876813645.0,"[-12.805363599999879, 8.480454299999991]",tower,,Node,sierra-leone
591,2178168416.0,"[-12.388894499999987, 8.797520800000003]",tower,,Node,sierra-leone
592,1872320508.0,"[-12.94847479999988, 8.376452499999974]",tower,,Node,sierra-leone
593,7865558800.0,"[-11.843028999999921, 9.327050699999942]",tower,,Node,sierra-leone
594,2088169869.0,"[-12.062015699999995, 8.884428900000001]",tower,,Node,sierra-leone
595,2178168443.0,"[-12.302184599999986, 8.818092900000002]",tower,,Node,sierra-leone
596,1986134155.0,"[-12.7123285, 8.603088700000011]",tower,,Node,sierra-leone
597,2179080507.0,"[-11.965472399999985, 8.945319100000003]",tower,,Node,sierra-leone
598,1873043941.0,"[-13.245523799999882, 8.459760199999979]",tower,,Node,sierra-leone
599,7865532125.0,"[-11.954554499999926, 9.11072979999994]",tower,,Node,sierra-leone
600,2479777790.0,"[-12.07710440000001, 8.888226000000126]",tower,,Node,sierra-leone
601,1873460783.0,"[-13.25155539999988, 8.480207699999976]",tower,,Node,sierra-leone
602,1983090478.0,"[-12.672759199999984, 8.62666170000001]",tower,,Node,sierra-leone
603,8668408879.0,"[-12.22082010000006, 8.799422599999982]",tower,,Node,sierra-leone
604,2178168415.0,"[-12.392503199999986, 8.796133400000002]",tower,,Node,sierra-leone
605,3564382790.0,"[-11.75163410000001, 9.050069100000018]",tower,,Node,sierra-leone
606,7865558810.0,"[-11.816918299999923, 9.348129099999943]",tower,,Node,sierra-leone
607,1872320601.0,"[-13.164523999999881, 8.393240699999975]",tower,,Node,sierra-leone
608,7657398899.0,"[-11.86071809999993, 9.06275920000004]",tower,,Node,sierra-leone
609,2178168434.0,"[-12.333051999999986, 8.814704]",tower,,Node,sierra-leone
610,2294537642.0,"[-12.670665499999894, 9.290057200000005]",tower,,Node,sierra-leone
611,2179080519.0,"[-11.917477099999987, 8.965042200000005]",tower,,Node,sierra-leone
612,2178178096.0,"[-11.946382199999986, 8.952296700000003]",tower,,Node,sierra-leone
613,7865557367.0,"[-11.939143199999922, 9.306194599999943]",tower,,Node,sierra-leone
614,1872320618.0,"[-13.167224299999884, 8.396254899999978]",tower,,Node,sierra-leone
615,1983090523.0,"[-12.554302499999988, 8.68395250000001]",tower,,Node,sierra-leone
616,1983090572.0,"[-12.521140899999988, 8.70129730000001]",tower,,Node,sierra-leone
617,2179090513.0,"[-13.036557899999988, 8.327748100000008]",tower,,Node,sierra-leone
618,2359413199.0,"[-13.261728299999954, 8.467556600000021]",tower,,Node,sierra-leone
619,8668408894.0,"[-12.214778600000063, 8.75760149999998]",tower,,Node,sierra-leone
620,8668408878.0,"[-12.22131550000006, 8.802549399999982]",tower,,Node,sierra-leone
621,2179080497.0,"[-11.998345799999985, 8.9272917]",tower,,Node,sierra-leone
622,7657398890.0,"[-11.830537799999933, 9.04098230000004]",tower,,Node,sierra-leone
623,7865558816.0,"[-11.800700599999923, 9.363407799999942]",tower,,Node,sierra-leone
624,7657398880.0,"[-11.800909699999936, 9.03551500000004]",tower,,Node,sierra-leone
625,7865532157.0,"[-11.963819899999928, 9.21948469999994]",tower,,Node,sierra-leone
626,3040237897.0,"[-13.164370400000001, 8.393078899999995]",tower,,Node,sierra-leone
627,1872320678.0,"[-12.874677199999885, 8.431264699999977]",tower,,Node,sierra-leone
628,7657401105.0,"[-11.931057699999936, 9.08572440000004]",tower,,Node,sierra-leone
629,2178168446.0,"[-12.291882599999987, 8.8192403]",tower,,Node,sierra-leone
630,1873043969.0,"[-13.251494699999883, 8.47403559999998]",tower,,Node,sierra-leone
631,1983090502.0,"[-12.598676999999984, 8.660546000000013]",tower,,Node,sierra-leone
632,2457528295.0,"[-12.035996300000013, 8.90044720000006]",tower,,Node,sierra-leone
633,7865558793.0,"[-11.855556699999921, 9.309413199999943]",tower,,Node,sierra-leone
634,2179090520.0,"[-13.075456099999988, 8.328877300000007]",tower,,Node,sierra-leone
635,6317106848.0,"[-12.04860629999999, 8.884952400000016]",tower,,Node,sierra-leone
636,1872320675.0,"[-13.200738399999885, 8.430939999999977]",tower,,Node,sierra-leone
637,1872320659.0,"[-13.190850899999885, 8.423972099999977]",tower,,Node,sierra-leone
638,1872320690.0,"[-12.869046799999884, 8.435227199999977]",tower,,Node,sierra-leone
639,2088169882.0,"[-12.089726099999995, 8.886796800000003]",tower,,Node,sierra-leone
640,7865557377.0,"[-11.913449299999922, 9.314616899999944]",tower,,Node,sierra-leone
641,7865532165.0,"[-11.962217599999926, 9.24971109999994]",tower,,Node,sierra-leone
642,2178168440.0,"[-12.312130999999987, 8.816988200000003]",tower,,Node,sierra-leone
643,2179090547.0,"[-13.08504779999999, 8.335501900000006]",tower,,Node,sierra-leone
644,2179080502.0,"[-11.983301099999986, 8.937977500000002]",tower,,Node,sierra-leone
645,7865532120.0,"[-11.940367999999927, 9.09564229999994]",tower,,Node,sierra-leone
646,2179080500.0,"[-11.988799999999985, 8.934068900000002]",tower,,Node,sierra-leone
647,1983090516.0,"[-12.565742699999987, 8.676445400000011]",tower,,Node,sierra-leone
648,7865557361.0,"[-11.954350399999925, 9.278404199999942]",tower,,Node,sierra-leone
649,2908543014.0,"[-11.808610599999891, 9.00590729999992]",tower,,Node,sierra-leone
650,8668408902.0,"[-12.227143600000064, 8.74218869999998]",tower,,Node,sierra-leone
651,1872320895.0,"[-12.706077799999884, 8.611404099999977]",tower,,Node,sierra-leone
652,2179080531.0,"[-11.880864999999986, 8.978808000000003]",tower,,Node,sierra-leone
653,7865557383.0,"[-11.887024999999923, 9.310269399999944]",tower,,Node,sierra-leone
654,1872320743.0,"[-12.855623199999883, 8.444784999999975]",tower,,Node,sierra-leone
655,1872320899.0,"[-12.684179199999884, 8.621440799999975]",tower,,Node,sierra-leone
656,7865532150.0,"[-11.965220499999926, 9.19474069999994]",tower,,Node,sierra-leone
657,2088169815.0,"[-12.130818299999996, 8.865465600000002]",tower,,Node,sierra-leone
658,2088169680.0,"[-12.269034000000001, 8.8217589]",tower,,Node,sierra-leone
659,2287849920.0,"[-13.028321700000014, 8.907176400000024]",tower,,Node,sierra-leone
660,3566595502.0,"[-11.733290900000007, 9.064307200000012]",tower,,Node,sierra-leone
661,7865532126.0,"[-11.956116499999926, 9.11242009999994]",tower,,Node,sierra-leone
662,2908543019.0,"[-11.78264859999989, 9.02316669999992]",tower,,Node,sierra-leone
663,7865558837.0,"[-11.758883799999923, 9.39664999999994]",tower,,Node,sierra-leone
664,8668408908.0,"[-12.233623800000064, 8.72762879999998]",tower,,Node,sierra-leone
665,7865532117.0,"[-11.933229299999924, 9.08800019999994]",tower,,Node,sierra-leone
666,2179090540.0,"[-13.00919109999999, 8.331762800000007]",tower,,Node,sierra-leone
667,2479777801.0,"[-12.04692540000001, 8.895332900000126]",tower,,Node,sierra-leone
668,2088169890.0,"[-12.086246999999995, 8.888178100000003]",tower,,Node,sierra-leone
669,2179080512.0,"[-11.949024199999986, 8.951336400000002]",tower,,Node,sierra-leone
670,6533607295.0,"[-12.839354100000035, 8.456303200000034]",tower,,Node,sierra-leone
671,2179090493.0,"[-13.058362099999988, 8.324556600000008]",tower,,Node,sierra-leone
672,2088169818.0,"[-12.128782299999996, 8.866840600000002]",tower,,Node,sierra-leone
673,1872320650.0,"[-13.186250299999884, 8.418937399999978]",tower,,Node,sierra-leone
674,2088169765.0,"[-12.1791972, 8.838435300000002]",tower,,Node,sierra-leone
675,7657401097.0,"[-11.889669499999933, 9.064435900000039]",tower,,Node,sierra-leone
676,7865558823.0,"[-11.787022899999922, 9.38066959999994]",tower,,Node,sierra-leone
677,2179090554.0,"[-13.100073399999989, 8.345876100000005]",tower,,Node,sierra-leone
678,2179080505.0,"[-11.972158399999985, 8.942892700000003]",tower,,Node,sierra-leone
679,7657398870.0,"[-11.769107899999936, 9.033941400000039]",tower,,Node,sierra-leone
680,2179080516.0,"[-11.925781999999987, 8.960188900000002]",tower,,Node,sierra-leone
681,6533607291.0,"[-11.724767100000035, 9.068144800000034]",tower,,Node,sierra-leone
682,2179090534.0,"[-13.019002699999989, 8.330298600000008]",tower,,Node,sierra-leone
683,2179080551.0,"[-11.845934999999985, 8.991916800000002]",tower,,Node,sierra-leone
684,7657401104.0,"[-11.921935899999935, 9.076077900000039]",tower,,Node,sierra-leone
685,3869423060.0,"[-12.770338300000164, 8.525593599999855]",tower,,Node,sierra-leone
686,2088169894.0,"[-12.080268099999994, 8.888992900000003]",tower,,Node,sierra-leone
687,1872320564.0,"[-13.162127499999881, 8.390715299999973]",tower,,Node,sierra-leone
688,1872320729.0,"[-12.860793599999884, 8.441135499999975]",tower,,Node,sierra-leone
689,2299249540.0,"[-12.015405600000031, 8.915231800000006]",tower,,Node,sierra-leone
690,2088169810.0,"[-12.133260099999996, 8.863816800000002]",tower,,Node,sierra-leone
691,1983090483.0,"[-12.653152599999984, 8.635632100000011]",tower,,Node,sierra-leone
692,7865558787.0,"[-11.873390199999921, 9.306959899999942]",tower,,Node,sierra-leone
693,2908543012.0,"[-11.826843099999891, 8.99900859999992]",tower,,Node,sierra-leone
694,7865558815.0,"[-11.802395599999922, 9.359871999999942]",tower,,Node,sierra-leone
695,1873479447.0,"[-12.79884009999988, 8.487564899999974]",tower,,Node,sierra-leone
696,3138736704.0,"[-12.93772320000007, 8.386521199999956]",tower,,Node,sierra-leone
